nume_actiune,timestamp
adaugaRestaurante,2025-06-02 02:05:38
adaugaRestaurante,2025-06-02 02:05:38
adaugaRestaurante,2025-06-03 00:19:27
adaugaRestaurante,2025-06-03 00:19:27
adaugaRestaurante,2025-06-03 01:07:54
adaugaRestaurante,2025-06-03 01:07:54
adaugaUtilizator,2025-06-03 01:07:54
adaugaUtilizator,2025-06-03 01:07:54
cautaRestauranteDupaTip,2025-06-03 01:07:54
getRestauranteSortateDupaRating,2025-06-03 01:07:54
adaugaRestaurante,2025-06-03 01:15:46
adaugaRestaurante,2025-06-03 01:15:46
adaugaUtilizator,2025-06-03 01:15:46
adaugaUtilizator,2025-06-03 01:15:46
cautaRestauranteDupaTip,2025-06-03 01:15:46
getRestauranteSortateDupaRating,2025-06-03 01:15:46
adaugaRestaurante,2025-06-03 01:16:16
adaugaRestaurante,2025-06-03 01:16:16
adaugaUtilizator,2025-06-03 01:16:17
adaugaUtilizator,2025-06-03 01:16:17
cautaRestauranteDupaTip,2025-06-03 01:16:17
getRestauranteSortateDupaRating,2025-06-03 01:16:17
adaugaUtilizator,2025-06-03 01:36:14
adaugaUtilizator,2025-06-03 01:36:14
adaugaUtilizator,2025-06-03 01:36:14
adaugaUtilizator,2025-06-03 01:36:14
adaugaUtilizator,2025-06-03 01:36:14
adaugaRestaurante,2025-06-03 01:36:14
adaugaRestaurante,2025-06-03 01:36:14
adaugaRestaurante,2025-06-03 01:36:14
adaugaRestaurante,2025-06-03 01:36:14
adaugaRestaurante,2025-06-03 01:36:14
adaugaRecenzie_INIT,2025-06-03 01:36:14
adaugaRecenzie_SUCCES,2025-06-03 01:36:14
adaugaRecenzie_INIT,2025-06-03 01:36:14
adaugaRecenzie_SUCCES,2025-06-03 01:36:14
adaugaRecenzie_INIT,2025-06-03 01:36:14
adaugaRecenzie_SUCCES,2025-06-03 01:36:14
adaugaRecenzie_INIT,2025-06-03 01:36:14
adaugaRecenzie_SUCCES,2025-06-03 01:36:14
adaugaRecenzie_INIT,2025-06-03 01:36:14
adaugaRecenzie_SUCCES,2025-06-03 01:36:14
adaugaRecenzie_INIT,2025-06-03 01:36:14
adaugaRecenzie_SUCCES,2025-06-03 01:36:14
adaugaRecenzie_INIT,2025-06-03 01:36:14
adaugaRecenzie_SUCCES,2025-06-03 01:36:14
cautaRestauranteDupaTip,2025-06-03 01:36:14
cautaRestauranteDupaTip,2025-06-03 01:36:14
getRestauranteSortateDupaRating,2025-06-03 01:36:14
adaugaUtilizator,2025-06-03 01:48:36
adaugaUtilizator,2025-06-03 01:48:36
adaugaUtilizator,2025-06-03 01:48:36
adaugaUtilizator,2025-06-03 01:48:36
adaugaUtilizator,2025-06-03 01:48:36
adaugaRestaurante,2025-06-03 01:48:36
adaugaRestaurante,2025-06-03 01:48:36
adaugaRestaurante,2025-06-03 01:48:36
adaugaRestaurante,2025-06-03 01:48:36
adaugaRestaurante,2025-06-03 01:48:36
adaugaRecenzie_INIT,2025-06-03 01:48:36
adaugaRecenzie_SUCCES,2025-06-03 01:48:36
adaugaRecenzie_INIT,2025-06-03 01:48:36
adaugaRecenzie_SUCCES,2025-06-03 01:48:36
adaugaRecenzie_INIT,2025-06-03 01:48:36
adaugaRecenzie_SUCCES,2025-06-03 01:48:36
adaugaRecenzie_INIT,2025-06-03 01:48:37
adaugaRecenzie_SUCCES,2025-06-03 01:48:37
adaugaRecenzie_INIT,2025-06-03 01:48:37
adaugaRecenzie_SUCCES,2025-06-03 01:48:37
adaugaRecenzie_INIT,2025-06-03 01:48:37
adaugaRecenzie_SUCCES,2025-06-03 01:48:37
adaugaRecenzie_INIT,2025-06-03 01:48:37
adaugaRecenzie_SUCCES,2025-06-03 01:48:37
cautaRestauranteDupaTip,2025-06-03 01:48:37
cautaRestauranteDupaTip,2025-06-03 01:48:37
getRestauranteSortateDupaRating,2025-06-03 01:48:37
adaugaUtilizator,2025-06-03 01:52:33
adaugaUtilizator,2025-06-03 01:52:33
adaugaUtilizator,2025-06-03 01:52:33
adaugaUtilizator,2025-06-03 01:52:33
adaugaUtilizator,2025-06-03 01:52:33
adaugaRestaurante,2025-06-03 01:52:33
adaugaRestaurante,2025-06-03 01:52:33
adaugaRestaurante,2025-06-03 01:52:33
adaugaRestaurante,2025-06-03 01:52:33
adaugaRestaurante,2025-06-03 01:52:33
adaugaRecenzie_INIT,2025-06-03 01:52:33
adaugaRecenzie_SUCCES,2025-06-03 01:52:33
adaugaRecenzie_INIT,2025-06-03 01:52:33
adaugaRecenzie_SUCCES,2025-06-03 01:52:33
adaugaRecenzie_INIT,2025-06-03 01:52:33
adaugaRecenzie_SUCCES,2025-06-03 01:52:33
adaugaRecenzie_INIT,2025-06-03 01:52:33
adaugaRecenzie_SUCCES,2025-06-03 01:52:33
adaugaRecenzie_INIT,2025-06-03 01:52:33
adaugaRecenzie_SUCCES,2025-06-03 01:52:33
adaugaRecenzie_INIT,2025-06-03 01:52:33
adaugaRecenzie_SUCCES,2025-06-03 01:52:33
adaugaRecenzie_INIT,2025-06-03 01:52:33
adaugaRecenzie_SUCCES,2025-06-03 01:52:33
cautaRestauranteDupaTip,2025-06-03 01:52:33
cautaRestauranteDupaTip,2025-06-03 01:52:33
getRestauranteSortateDupaRating,2025-06-03 01:52:33
adaugaUtilizator,2025-06-03 01:58:00
adaugaUtilizator,2025-06-03 01:58:00
adaugaUtilizator,2025-06-03 01:58:00
adaugaUtilizator,2025-06-03 01:58:00
adaugaUtilizator,2025-06-03 01:58:00
adaugaRestaurante,2025-06-03 01:58:00
adaugaRestaurante,2025-06-03 01:58:00
adaugaRestaurante,2025-06-03 01:58:00
adaugaRestaurante,2025-06-03 01:58:00
adaugaRestaurante,2025-06-03 01:58:00
adaugaRecenzie_INIT,2025-06-03 01:58:00
actualizeazaRatingRestaurant_1,2025-06-03 01:58:00
adaugaRecenzie_SUCCES,2025-06-03 01:58:00
adaugaRecenzie_INIT,2025-06-03 01:58:00
actualizeazaRatingRestaurant_1,2025-06-03 01:58:00
adaugaRecenzie_SUCCES,2025-06-03 01:58:00
adaugaRecenzie_INIT,2025-06-03 01:58:00
actualizeazaRatingRestaurant_2,2025-06-03 01:58:00
adaugaRecenzie_SUCCES,2025-06-03 01:58:00
adaugaRecenzie_INIT,2025-06-03 01:58:00
actualizeazaRatingRestaurant_2,2025-06-03 01:58:00
adaugaRecenzie_SUCCES,2025-06-03 01:58:00
adaugaRecenzie_INIT,2025-06-03 01:58:00
actualizeazaRatingRestaurant_4,2025-06-03 01:58:00
adaugaRecenzie_SUCCES,2025-06-03 01:58:00
adaugaRecenzie_INIT,2025-06-03 01:58:00
actualizeazaRatingRestaurant_5,2025-06-03 01:58:00
adaugaRecenzie_SUCCES,2025-06-03 01:58:00
adaugaRecenzie_INIT,2025-06-03 01:58:00
actualizeazaRatingRestaurant_3,2025-06-03 01:58:00
adaugaRecenzie_SUCCES,2025-06-03 01:58:00
cautaRestauranteDupaTip,2025-06-03 01:58:00
cautaRestauranteDupaTip,2025-06-03 01:58:00
getRestauranteSortateDupaRating,2025-06-03 01:58:00
adaugaUtilizator,2025-06-03 02:05:50
adaugaUtilizator,2025-06-03 02:05:50
adaugaUtilizator,2025-06-03 02:05:50
adaugaUtilizator,2025-06-03 02:05:50
adaugaUtilizator,2025-06-03 02:05:50
adaugaRestaurante,2025-06-03 02:05:50
adaugaRestaurante,2025-06-03 02:05:50
adaugaRestaurante,2025-06-03 02:05:50
adaugaRestaurante,2025-06-03 02:05:50
adaugaRestaurante,2025-06-03 02:05:50
adaugaRecenzie_INIT,2025-06-03 02:05:51
actualizeazaRatingRestaurant_1,2025-06-03 02:05:51
adaugaRecenzie_SUCCES,2025-06-03 02:05:51
adaugaRecenzie_INIT,2025-06-03 02:05:51
actualizeazaRatingRestaurant_1,2025-06-03 02:05:51
adaugaRecenzie_SUCCES,2025-06-03 02:05:51
adaugaRecenzie_INIT,2025-06-03 02:05:51
actualizeazaRatingRestaurant_2,2025-06-03 02:05:51
adaugaRecenzie_SUCCES,2025-06-03 02:05:51
adaugaRecenzie_INIT,2025-06-03 02:05:51
actualizeazaRatingRestaurant_2,2025-06-03 02:05:51
adaugaRecenzie_SUCCES,2025-06-03 02:05:51
adaugaRecenzie_INIT,2025-06-03 02:05:51
actualizeazaRatingRestaurant_4,2025-06-03 02:05:51
adaugaRecenzie_SUCCES,2025-06-03 02:05:51
adaugaRecenzie_INIT,2025-06-03 02:05:51
actualizeazaRatingRestaurant_5,2025-06-03 02:05:51
adaugaRecenzie_SUCCES,2025-06-03 02:05:51
adaugaRecenzie_INIT,2025-06-03 02:05:51
actualizeazaRatingRestaurant_3,2025-06-03 02:05:51
adaugaRecenzie_SUCCES,2025-06-03 02:05:51
cautaRestauranteDupaTip,2025-06-03 02:05:51
cautaRestauranteDupaTip,2025-06-03 02:05:51
getRestauranteSortateDupaRating,2025-06-03 02:05:51
adaugaUtilizator,2025-06-03 02:07:26
adaugaUtilizator,2025-06-03 02:07:26
adaugaUtilizator,2025-06-03 02:07:26
adaugaUtilizator,2025-06-03 02:07:26
adaugaUtilizator,2025-06-03 02:07:26
adaugaRestaurante,2025-06-03 02:07:26
adaugaRestaurante,2025-06-03 02:07:26
adaugaRestaurante,2025-06-03 02:07:26
adaugaRestaurante,2025-06-03 02:07:26
adaugaRestaurante,2025-06-03 02:07:26
adaugaRecenzie_INIT,2025-06-03 02:07:26
actualizeazaRatingRestaurant_1,2025-06-03 02:07:26
adaugaRecenzie_SUCCES,2025-06-03 02:07:26
adaugaRecenzie_INIT,2025-06-03 02:07:26
actualizeazaRatingRestaurant_1,2025-06-03 02:07:26
adaugaRecenzie_SUCCES,2025-06-03 02:07:26
adaugaRecenzie_INIT,2025-06-03 02:07:26
actualizeazaRatingRestaurant_2,2025-06-03 02:07:26
adaugaRecenzie_SUCCES,2025-06-03 02:07:26
adaugaRecenzie_INIT,2025-06-03 02:07:26
actualizeazaRatingRestaurant_2,2025-06-03 02:07:26
adaugaRecenzie_SUCCES,2025-06-03 02:07:26
adaugaRecenzie_INIT,2025-06-03 02:07:26
actualizeazaRatingRestaurant_4,2025-06-03 02:07:26
adaugaRecenzie_SUCCES,2025-06-03 02:07:26
adaugaRecenzie_INIT,2025-06-03 02:07:26
actualizeazaRatingRestaurant_5,2025-06-03 02:07:26
adaugaRecenzie_SUCCES,2025-06-03 02:07:26
adaugaRecenzie_INIT,2025-06-03 02:07:26
actualizeazaRatingRestaurant_3,2025-06-03 02:07:27
adaugaRecenzie_SUCCES,2025-06-03 02:07:27
cautaRestauranteDupaTip,2025-06-03 02:07:27
cautaRestauranteDupaTip,2025-06-03 02:07:27
cautaRestauranteDupaTip,2025-06-03 02:07:27
cautaRestauranteDupaTip,2025-06-03 02:07:27
getRestauranteSortateDupaRating,2025-06-03 02:07:27
adaugaUtilizator,2025-06-03 08:06:01
adaugaUtilizator,2025-06-03 08:06:01
adaugaUtilizator,2025-06-03 08:06:01
adaugaUtilizator,2025-06-03 08:06:01
adaugaUtilizator,2025-06-03 08:06:01
adaugaRestaurante,2025-06-03 08:06:01
adaugaRestaurante,2025-06-03 08:06:01
adaugaRestaurante,2025-06-03 08:06:01
adaugaRestaurante,2025-06-03 08:06:01
adaugaRestaurante,2025-06-03 08:06:01
adaugaRecenzie_INIT,2025-06-03 08:06:01
actualizeazaRatingRestaurant_1,2025-06-03 08:06:01
adaugaRecenzie_SUCCES,2025-06-03 08:06:01
adaugaRecenzie_INIT,2025-06-03 08:06:01
actualizeazaRatingRestaurant_1,2025-06-03 08:06:01
adaugaRecenzie_SUCCES,2025-06-03 08:06:01
adaugaRecenzie_INIT,2025-06-03 08:06:01
actualizeazaRatingRestaurant_2,2025-06-03 08:06:01
adaugaRecenzie_SUCCES,2025-06-03 08:06:01
adaugaRecenzie_INIT,2025-06-03 08:06:01
actualizeazaRatingRestaurant_2,2025-06-03 08:06:01
adaugaRecenzie_SUCCES,2025-06-03 08:06:01
adaugaRecenzie_INIT,2025-06-03 08:06:01
actualizeazaRatingRestaurant_4,2025-06-03 08:06:01
adaugaRecenzie_SUCCES,2025-06-03 08:06:01
adaugaRecenzie_INIT,2025-06-03 08:06:01
actualizeazaRatingRestaurant_5,2025-06-03 08:06:01
adaugaRecenzie_SUCCES,2025-06-03 08:06:01
adaugaRecenzie_INIT,2025-06-03 08:06:01
actualizeazaRatingRestaurant_3,2025-06-03 08:06:01
adaugaRecenzie_SUCCES,2025-06-03 08:06:01
cautaRestauranteDupaTip,2025-06-03 08:06:01
cautaRestauranteDupaTip,2025-06-03 08:06:01
cautaRestauranteDupaTip,2025-06-03 08:06:01
cautaRestauranteDupaTip,2025-06-03 08:06:01
getRestauranteSortateDupaRating,2025-06-03 08:06:01
adaugaUtilizator,2025-06-03 08:34:05
adaugaUtilizator,2025-06-03 08:34:05
adaugaUtilizator,2025-06-03 08:34:05
adaugaUtilizator,2025-06-03 08:34:05
adaugaUtilizator,2025-06-03 08:34:05
adaugaRestaurante,2025-06-03 08:34:05
adaugaRestaurante,2025-06-03 08:34:05
adaugaRestaurante,2025-06-03 08:34:05
adaugaRestaurante,2025-06-03 08:34:05
adaugaRestaurante,2025-06-03 08:34:05
adaugaRecenzie_INIT,2025-06-03 08:34:06
actualizeazaRatingRestaurant_1,2025-06-03 08:34:06
adaugaRecenzie_SUCCES,2025-06-03 08:34:06
adaugaRecenzie_INIT,2025-06-03 08:34:06
actualizeazaRatingRestaurant_1,2025-06-03 08:34:06
adaugaRecenzie_SUCCES,2025-06-03 08:34:06
adaugaRecenzie_INIT,2025-06-03 08:34:06
actualizeazaRatingRestaurant_2,2025-06-03 08:34:06
adaugaRecenzie_SUCCES,2025-06-03 08:34:06
adaugaRecenzie_INIT,2025-06-03 08:34:06
actualizeazaRatingRestaurant_2,2025-06-03 08:34:06
adaugaRecenzie_SUCCES,2025-06-03 08:34:06
adaugaRecenzie_INIT,2025-06-03 08:34:06
actualizeazaRatingRestaurant_4,2025-06-03 08:34:06
adaugaRecenzie_SUCCES,2025-06-03 08:34:06
adaugaRecenzie_INIT,2025-06-03 08:34:06
actualizeazaRatingRestaurant_5,2025-06-03 08:34:06
adaugaRecenzie_SUCCES,2025-06-03 08:34:06
adaugaRecenzie_INIT,2025-06-03 08:34:06
actualizeazaRatingRestaurant_3,2025-06-03 08:34:06
adaugaRecenzie_SUCCES,2025-06-03 08:34:06
cautaRestauranteDupaTip,2025-06-03 08:34:06
cautaRestauranteDupaTip,2025-06-03 08:34:06
cautaRestauranteDupaTip,2025-06-03 08:34:06
cautaRestauranteDupaTip,2025-06-03 08:34:06
getRestauranteSortateDupaRating,2025-06-03 08:34:06
adaugaUtilizator,2025-06-03 08:53:58
adaugaUtilizator,2025-06-03 08:53:58
adaugaUtilizator,2025-06-03 08:53:58
adaugaUtilizator,2025-06-03 08:53:58
adaugaUtilizator,2025-06-03 08:53:58
adaugaRestaurante,2025-06-03 08:53:58
adaugaRestaurante,2025-06-03 08:53:58
adaugaRestaurante,2025-06-03 08:53:58
adaugaRestaurante,2025-06-03 08:53:58
adaugaRestaurante,2025-06-03 08:53:58
adaugaRecenzie_INIT,2025-06-03 08:53:58
actualizeazaRatingRestaurant_1,2025-06-03 08:53:58
adaugaRecenzie_SUCCES,2025-06-03 08:53:58
adaugaRecenzie_INIT,2025-06-03 08:53:58
actualizeazaRatingRestaurant_1,2025-06-03 08:53:58
adaugaRecenzie_SUCCES,2025-06-03 08:53:58
adaugaRecenzie_INIT,2025-06-03 08:53:58
actualizeazaRatingRestaurant_2,2025-06-03 08:53:58
adaugaRecenzie_SUCCES,2025-06-03 08:53:58
adaugaRecenzie_INIT,2025-06-03 08:53:58
actualizeazaRatingRestaurant_2,2025-06-03 08:53:58
adaugaRecenzie_SUCCES,2025-06-03 08:53:58
adaugaRecenzie_INIT,2025-06-03 08:53:58
actualizeazaRatingRestaurant_4,2025-06-03 08:53:58
adaugaRecenzie_SUCCES,2025-06-03 08:53:58
adaugaRecenzie_INIT,2025-06-03 08:53:58
actualizeazaRatingRestaurant_5,2025-06-03 08:53:58
adaugaRecenzie_SUCCES,2025-06-03 08:53:58
adaugaRecenzie_INIT,2025-06-03 08:53:58
actualizeazaRatingRestaurant_3,2025-06-03 08:53:58
adaugaRecenzie_SUCCES,2025-06-03 08:53:58
cautaRestauranteDupaTip,2025-06-03 08:53:58
cautaRestauranteDupaTip,2025-06-03 08:53:58
cautaRestauranteDupaTip,2025-06-03 08:53:58
cautaRestauranteDupaTip,2025-06-03 08:53:58
getRestauranteSortateDupaRating,2025-06-03 08:53:58
adaugaUtilizator,2025-06-03 08:54:38
adaugaUtilizator,2025-06-03 08:54:38
adaugaUtilizator,2025-06-03 08:54:38
adaugaUtilizator,2025-06-03 08:54:38
adaugaUtilizator,2025-06-03 08:54:38
adaugaRestaurante,2025-06-03 08:54:38
adaugaRestaurante,2025-06-03 08:54:39
adaugaRestaurante,2025-06-03 08:54:39
adaugaRestaurante,2025-06-03 08:54:39
adaugaRestaurante,2025-06-03 08:54:39
adaugaRecenzie_INIT,2025-06-03 08:54:39
actualizeazaRatingRestaurant_1,2025-06-03 08:54:39
adaugaRecenzie_SUCCES,2025-06-03 08:54:39
adaugaRecenzie_INIT,2025-06-03 08:54:39
actualizeazaRatingRestaurant_1,2025-06-03 08:54:39
adaugaRecenzie_SUCCES,2025-06-03 08:54:39
adaugaRecenzie_INIT,2025-06-03 08:54:39
actualizeazaRatingRestaurant_2,2025-06-03 08:54:39
adaugaRecenzie_SUCCES,2025-06-03 08:54:39
adaugaRecenzie_INIT,2025-06-03 08:54:39
actualizeazaRatingRestaurant_2,2025-06-03 08:54:39
adaugaRecenzie_SUCCES,2025-06-03 08:54:39
adaugaRecenzie_INIT,2025-06-03 08:54:39
actualizeazaRatingRestaurant_4,2025-06-03 08:54:39
adaugaRecenzie_SUCCES,2025-06-03 08:54:39
adaugaRecenzie_INIT,2025-06-03 08:54:39
actualizeazaRatingRestaurant_5,2025-06-03 08:54:39
adaugaRecenzie_SUCCES,2025-06-03 08:54:39
adaugaRecenzie_INIT,2025-06-03 08:54:39
actualizeazaRatingRestaurant_3,2025-06-03 08:54:39
adaugaRecenzie_SUCCES,2025-06-03 08:54:39
cautaRestauranteDupaTip,2025-06-03 08:54:39
cautaRestauranteDupaTip,2025-06-03 08:54:39
cautaRestauranteDupaTip,2025-06-03 08:54:39
cautaRestauranteDupaTip,2025-06-03 08:54:39
getRestauranteSortateDupaRating,2025-06-03 08:54:39
adaugaUtilizator,2025-06-03 08:55:11
adaugaUtilizator,2025-06-03 08:55:11
adaugaUtilizator,2025-06-03 08:55:11
adaugaUtilizator,2025-06-03 08:55:11
adaugaUtilizator,2025-06-03 08:55:11
adaugaRestaurante,2025-06-03 08:55:11
adaugaRestaurante,2025-06-03 08:55:11
adaugaRestaurante,2025-06-03 08:55:11
adaugaRestaurante,2025-06-03 08:55:11
adaugaRestaurante,2025-06-03 08:55:11
adaugaRecenzie_INIT,2025-06-03 08:55:11
actualizeazaRatingRestaurant_1,2025-06-03 08:55:12
adaugaRecenzie_SUCCES,2025-06-03 08:55:12
adaugaRecenzie_INIT,2025-06-03 08:55:12
actualizeazaRatingRestaurant_1,2025-06-03 08:55:12
adaugaRecenzie_SUCCES,2025-06-03 08:55:12
adaugaRecenzie_INIT,2025-06-03 08:55:12
actualizeazaRatingRestaurant_2,2025-06-03 08:55:12
adaugaRecenzie_SUCCES,2025-06-03 08:55:12
adaugaRecenzie_INIT,2025-06-03 08:55:12
actualizeazaRatingRestaurant_2,2025-06-03 08:55:12
adaugaRecenzie_SUCCES,2025-06-03 08:55:12
adaugaRecenzie_INIT,2025-06-03 08:55:12
actualizeazaRatingRestaurant_4,2025-06-03 08:55:12
adaugaRecenzie_SUCCES,2025-06-03 08:55:12
adaugaRecenzie_INIT,2025-06-03 08:55:12
actualizeazaRatingRestaurant_5,2025-06-03 08:55:12
adaugaRecenzie_SUCCES,2025-06-03 08:55:12
adaugaRecenzie_INIT,2025-06-03 08:55:12
actualizeazaRatingRestaurant_3,2025-06-03 08:55:12
adaugaRecenzie_SUCCES,2025-06-03 08:55:12
cautaRestauranteDupaTip,2025-06-03 08:55:12
cautaRestauranteDupaTip,2025-06-03 08:55:12
cautaRestauranteDupaTip,2025-06-03 08:55:12
cautaRestauranteDupaTip,2025-06-03 08:55:12
getRestauranteSortateDupaRating,2025-06-03 08:55:12
adaugaUtilizator,2025-06-03 08:58:22
adaugaUtilizator,2025-06-03 08:58:22
adaugaUtilizator,2025-06-03 08:58:22
adaugaUtilizator,2025-06-03 08:58:22
adaugaUtilizator,2025-06-03 08:58:22
adaugaRestaurante,2025-06-03 08:58:22
adaugaRestaurante,2025-06-03 08:58:22
adaugaRestaurante,2025-06-03 08:58:22
adaugaRestaurante,2025-06-03 08:58:22
adaugaRestaurante,2025-06-03 08:58:22
adaugaRecenzie_INIT,2025-06-03 08:58:22
actualizeazaRatingRestaurant_1,2025-06-03 08:58:22
adaugaRecenzie_SUCCES,2025-06-03 08:58:22
adaugaRecenzie_INIT,2025-06-03 08:58:22
actualizeazaRatingRestaurant_1,2025-06-03 08:58:22
adaugaRecenzie_SUCCES,2025-06-03 08:58:22
adaugaRecenzie_INIT,2025-06-03 08:58:22
actualizeazaRatingRestaurant_2,2025-06-03 08:58:22
adaugaRecenzie_SUCCES,2025-06-03 08:58:22
adaugaRecenzie_INIT,2025-06-03 08:58:23
actualizeazaRatingRestaurant_2,2025-06-03 08:58:23
adaugaRecenzie_SUCCES,2025-06-03 08:58:23
adaugaRecenzie_INIT,2025-06-03 08:58:23
actualizeazaRatingRestaurant_4,2025-06-03 08:58:23
adaugaRecenzie_SUCCES,2025-06-03 08:58:23
adaugaRecenzie_INIT,2025-06-03 08:58:23
actualizeazaRatingRestaurant_5,2025-06-03 08:58:23
adaugaRecenzie_SUCCES,2025-06-03 08:58:23
adaugaRecenzie_INIT,2025-06-03 08:58:23
actualizeazaRatingRestaurant_3,2025-06-03 08:58:23
adaugaRecenzie_SUCCES,2025-06-03 08:58:23
cautaRestauranteDupaTip,2025-06-03 08:58:23
cautaRestauranteDupaTip,2025-06-03 08:58:23
cautaRestauranteDupaTip,2025-06-03 08:58:23
cautaRestauranteDupaTip,2025-06-03 08:58:23
getRestauranteSortateDupaRating,2025-06-03 08:58:23
adaugaUtilizator,2025-06-03 09:04:13
adaugaUtilizator,2025-06-03 09:04:13
adaugaUtilizator,2025-06-03 09:04:13
adaugaUtilizator,2025-06-03 09:04:13
adaugaUtilizator,2025-06-03 09:04:13
adaugaRestaurante,2025-06-03 09:04:14
adaugaRestaurante,2025-06-03 09:04:14
adaugaRestaurante,2025-06-03 09:04:14
adaugaRestaurante,2025-06-03 09:04:14
adaugaRestaurante,2025-06-03 09:04:14
adaugaRecenzie_INIT,2025-06-03 09:04:14
actualizeazaRatingRestaurant_1,2025-06-03 09:04:14
adaugaRecenzie_SUCCES,2025-06-03 09:04:14
adaugaRecenzie_INIT,2025-06-03 09:04:14
actualizeazaRatingRestaurant_1,2025-06-03 09:04:14
adaugaRecenzie_SUCCES,2025-06-03 09:04:14
adaugaRecenzie_INIT,2025-06-03 09:04:14
actualizeazaRatingRestaurant_2,2025-06-03 09:04:14
adaugaRecenzie_SUCCES,2025-06-03 09:04:14
adaugaRecenzie_INIT,2025-06-03 09:04:14
actualizeazaRatingRestaurant_2,2025-06-03 09:04:14
adaugaRecenzie_SUCCES,2025-06-03 09:04:14
adaugaRecenzie_INIT,2025-06-03 09:04:14
actualizeazaRatingRestaurant_4,2025-06-03 09:04:14
adaugaRecenzie_SUCCES,2025-06-03 09:04:14
adaugaRecenzie_INIT,2025-06-03 09:04:14
actualizeazaRatingRestaurant_5,2025-06-03 09:04:14
adaugaRecenzie_SUCCES,2025-06-03 09:04:14
adaugaRecenzie_INIT,2025-06-03 09:04:14
actualizeazaRatingRestaurant_3,2025-06-03 09:04:14
adaugaRecenzie_SUCCES,2025-06-03 09:04:14
cautaRestauranteDupaTip,2025-06-03 09:04:14
cautaRestauranteDupaTip,2025-06-03 09:04:14
cautaRestauranteDupaTip,2025-06-03 09:04:14
cautaRestauranteDupaTip,2025-06-03 09:04:14
getRestauranteSortateDupaRating,2025-06-03 09:04:14
adaugaUtilizator,2025-06-03 09:22:36
adaugaUtilizator,2025-06-03 09:22:36
adaugaUtilizator,2025-06-03 09:22:36
adaugaUtilizator,2025-06-03 09:22:36
adaugaUtilizator,2025-06-03 09:22:36
adaugaRestaurante,2025-06-03 09:22:36
adaugaRestaurante,2025-06-03 09:22:36
adaugaRestaurante,2025-06-03 09:22:36
adaugaRestaurante,2025-06-03 09:22:36
adaugaRestaurante,2025-06-03 09:22:36
adaugaRecenzie_INIT,2025-06-03 09:22:36
actualizeazaRatingRestaurant_1,2025-06-03 09:22:36
adaugaRecenzie_SUCCES,2025-06-03 09:22:36
adaugaRecenzie_INIT,2025-06-03 09:22:36
actualizeazaRatingRestaurant_1,2025-06-03 09:22:36
adaugaRecenzie_SUCCES,2025-06-03 09:22:36
adaugaRecenzie_INIT,2025-06-03 09:22:36
actualizeazaRatingRestaurant_2,2025-06-03 09:22:36
adaugaRecenzie_SUCCES,2025-06-03 09:22:36
adaugaRecenzie_INIT,2025-06-03 09:22:36
actualizeazaRatingRestaurant_2,2025-06-03 09:22:36
adaugaRecenzie_SUCCES,2025-06-03 09:22:36
adaugaRecenzie_INIT,2025-06-03 09:22:36
actualizeazaRatingRestaurant_4,2025-06-03 09:22:36
adaugaRecenzie_SUCCES,2025-06-03 09:22:36
adaugaRecenzie_INIT,2025-06-03 09:22:36
actualizeazaRatingRestaurant_5,2025-06-03 09:22:37
adaugaRecenzie_SUCCES,2025-06-03 09:22:37
adaugaRecenzie_INIT,2025-06-03 09:22:37
actualizeazaRatingRestaurant_3,2025-06-03 09:22:37
adaugaRecenzie_SUCCES,2025-06-03 09:22:37
cautaRestauranteDupaTip,2025-06-03 09:22:37
cautaRestauranteDupaTip,2025-06-03 09:22:37
cautaRestauranteDupaTip,2025-06-03 09:22:37
cautaRestauranteDupaTip,2025-06-03 09:22:37
getRestauranteSortateDupaRating,2025-06-03 09:22:37
